CountryCode,Throughput,Count
AD,0.0,729
AD,10.0,493
AD,20.0,123
AD,30.0,32
AD,40.0,16
AD,50.0,10
AD,60.0,3
AD,70.0,10
AE,0.0,181431
AE,10.0,5246
AE,20.0,220
AE,30.0,49
AE,40.0,8
AE,50.0,4
AE,60.0,3
AE,80.0,1
AE,120.0,2
AE,150.0,1
AF,0.0,4957
AF,10.0,31
AF,20.0,2
AF,30.0,1
AF,40.0,2
AF,50.0,1
AG,0.0,2685
AG,10.0,34
AG,20.0,2
AI,0.0,708
AI,10.0,2
AL,0.0,39323
AL,10.0,1487
AL,20.0,219
AL,30.0,67
AL,40.0,14
AL,50.0,6
AL,60.0,3
AL,70.0,3
AL,80.0,1
AM,0.0,29288
AM,10.0,3466
AM,20.0,176
AM,30.0,15
AM,40.0,6
AM,50.0,1
AM,80.0,1
AM,100.0,1
AO,0.0,5898
AO,10.0,66
AO,20.0,5
AO,30.0,1
AP,0.0,105
AP,10.0,30
AP,20.0,4
AR,0.0,241136
AR,10.0,208
AR,20.0,9
AR,30.0,4
AR,60.0,2
AR,70.0,1
AS,0.0,442
AT,0.0,133062
AT,10.0,37729
AT,20.0,8016
AT,30.0,5325
AT,40.0,1284
AT,50.0,140
AT,60.0,212
AT,70.0,145
AT,80.0,60
AT,90.0,6
AT,110.0,1
AT,120.0,2
AT,130.0,2
AT,140.0,3
AT,150.0,4
AT,160.0,1
AT,170.0,1
AT,180.0,2
AT,200.0,2
AT,210.0,2
AT,220.0,4
AT,230.0,2
AT,240.0,2
AT,250.0,1
AT,270.0,1
AT,290.0,3
AT,300.0,2
AT,320.0,1
AT,350.0,1
AT,360.0,1
AT,370.0,1
AT,380.0,1
AT,400.0,2
AT,420.0,2
AT,430.0,2
AT,440.0,1
AT,450.0,1
AT,460.0,1
AT,470.0,1
AT,490.0,1
AT,560.0,1
AT,720.0,1
AT,740.0,1
AT,760.0,1
AU,0.0,675451
AU,10.0,27186
AU,20.0,15124
AU,30.0,2238
AU,40.0,352
AU,50.0,319
AU,60.0,210
AU,70.0,144
AU,80.0,39
AU,90.0,29
AU,100.0,41
AU,110.0,23
AU,120.0,18
AU,130.0,28
AU,140.0,10
AU,150.0,19
AU,160.0,13
AU,170.0,11
AU,180.0,8
AU,190.0,7
AU,200.0,9
AU,210.0,9
AU,220.0,10
AU,230.0,6
AU,240.0,7
AU,250.0,11
AU,260.0,21
AU,270.0,16
AU,280.0,11
AU,290.0,11
AU,300.0,9
AU,310.0,10
AU,320.0,12
AU,330.0,10
AU,340.0,5
AU,350.0,10
AU,360.0,8
AU,370.0,6
AU,380.0,4
AU,390.0,12
AU,400.0,12
AU,410.0,9
AU,420.0,9
AU,430.0,8
AU,440.0,8
AU,450.0,6
AU,460.0,3
AU,470.0,4
AU,480.0,4
AU,490.0,2
AU,500.0,2
AU,510.0,2
AU,520.0,1
AU,530.0,1
AU,560.0,1
AU,580.0,1
AU,620.0,1
AU,660.0,1
AU,670.0,1
AU,730.0,1
AW,0.0,1361
AW,10.0,115
AW,20.0,8
AX,0.0,424
AX,10.0,54
AX,20.0,29
AX,30.0,12
AX,40.0,17
AX,50.0,3
AX,60.0,4
AX,70.0,7
AX,120.0,1
AZ,0.0,39344
AZ,10.0,2629
AZ,20.0,139
AZ,30.0,52
AZ,40.0,14
AZ,50.0,5
AZ,60.0,8
BA,0.0,44044
BA,10.0,602
BA,20.0,54
BA,30.0,10
BA,40.0,4
BA,50.0,4
BA,60.0,2
BA,70.0,1
BB,0.0,5411
BB,10.0,662
BB,20.0,58
BB,30.0,5
BD,0.0,123170
BD,10.0,2011
BD,20.0,138
BD,30.0,29
BD,40.0,7
BD,50.0,10
BD,60.0,6
BD,70.0,3
BE,0.0,248283
BE,10.0,59337
BE,20.0,5559
BE,30.0,314
BE,40.0,131
BE,50.0,80
BE,60.0,57
BE,70.0,61
BE,80.0,24
BE,90.0,15
BE,100.0,7
BE,110.0,9
BE,120.0,5
BE,130.0,2
BE,140.0,3
BE,160.0,2
BE,170.0,1
BE,200.0,1
BE,220.0,2
BE,230.0,1
BE,250.0,1
BE,260.0,1
BE,270.0,2
BE,360.0,1
BE,380.0,2
BE,440.0,1
BF,0.0,1796
BF,10.0,1
BG,0.0,111254
BG,10.0,57186
BG,20.0,11767
BG,30.0,3926
BG,40.0,1996
BG,50.0,381
BG,60.0,136
BG,70.0,40
BG,80.0,20
BG,90.0,4
BG,120.0,1
BG,150.0,1
BG,230.0,1
BG,240.0,1
BG,250.0,1
BH,0.0,19406
BH,10.0,1172
BH,20.0,130
BH,30.0,5
BI,0.0,328
BI,10.0,3
BJ,0.0,2259
BJ,10.0,17
BM,0.0,3090
BM,10.0,115
BM,20.0,12
BM,30.0,1
BN,0.0,16325
BN,10.0,1102
BN,20.0,45
BN,30.0,6
BN,60.0,2
BO,0.0,13319
BO,10.0,70
BO,20.0,5
BO,30.0,2
BQ,0.0,372
BQ,10.0,7
BR,0.0,1527832
BR,10.0,10090
BR,20.0,439
BR,30.0,76
BR,40.0,24
BR,50.0,5
BR,60.0,4
BR,70.0,2
BS,0.0,4597
BS,10.0,283
BS,20.0,29
BS,30.0,12
BS,40.0,10
BS,50.0,18
BS,60.0,4
BS,70.0,5
BS,90.0,1
BS,270.0,1
BS,300.0,1
BS,360.0,1
BS,420.0,1
BS,440.0,1
BT,0.0,125
BT,10.0,11
BT,20.0,3
BT,30.0,2
BT,40.0,1
BT,50.0,2
BW,0.0,4424
BW,10.0,35
BW,20.0,3
BW,30.0,1
BW,40.0,1
BW,80.0,1
BW,90.0,1
BY,0.0,299296
BY,10.0,42933
BY,20.0,12621
BY,30.0,176
BY,40.0,112
BY,50.0,75
BY,60.0,139
BY,70.0,36
BY,80.0,1
BY,90.0,2
BY,120.0,1
BY,160.0,1
BY,210.0,2
BY,240.0,1
BZ,0.0,2618
BZ,10.0,31
BZ,20.0,3
CA,0.0,951214
CA,10.0,327530
CA,20.0,36447
CA,30.0,6847
CA,40.0,3705
CA,50.0,2281
CA,60.0,2845
CA,70.0,4587
CA,80.0,453
CA,90.0,161
CA,100.0,88
CA,110.0,61
CA,120.0,75
CA,130.0,47
CA,140.0,63
CA,150.0,81
CA,160.0,48
CA,170.0,47
CA,180.0,38
CA,190.0,31
CA,200.0,36
CA,210.0,28
CA,220.0,32
CA,230.0,25
CA,240.0,23
CA,250.0,23
CA,260.0,22
CA,270.0,15
CA,280.0,11
CA,290.0,17
CA,300.0,15
CA,310.0,6
CA,320.0,10
CA,330.0,14
CA,340.0,13
CA,350.0,5
CA,360.0,7
CA,370.0,4
CA,380.0,9
CA,390.0,16
CA,400.0,7
CA,410.0,5
CA,420.0,3
CA,430.0,10
CA,440.0,7
CA,450.0,3
CA,460.0,2
CA,470.0,7
CA,480.0,6
CA,490.0,4
CA,500.0,2
CA,510.0,5
CA,520.0,4
CA,530.0,5
CA,540.0,7
CA,550.0,5
CA,560.0,4
CA,570.0,2
CA,580.0,4
CA,590.0,5
CA,600.0,7
CA,610.0,4
CA,620.0,3
CA,640.0,1
CA,650.0,2
CA,660.0,3
CA,680.0,3
CA,690.0,2
CA,700.0,3
CA,710.0,1
CA,720.0,2
CA,730.0,2
CA,740.0,2
CA,750.0,2
CA,760.0,6
CA,770.0,5
CA,780.0,2
CA,790.0,1
CC,0.0,11
CD,0.0,3063
CF,0.0,128
CG,0.0,1121
CG,10.0,2
CH,0.0,104769
CH,10.0,44161
CH,20.0,6260
CH,30.0,1945
CH,40.0,1266
CH,50.0,510
CH,60.0,293
CH,70.0,263
CH,80.0,229
CH,90.0,128
CH,100.0,41
CH,110.0,58
CH,120.0,46
CH,130.0,46
CH,140.0,33
CH,150.0,23
CH,160.0,23
CH,170.0,24
CH,180.0,12
CH,190.0,14
CH,200.0,5
CH,210.0,2
CH,220.0,7
CH,230.0,6
CH,240.0,13
CH,250.0,8
CH,260.0,11
CH,270.0,4
CH,280.0,6
CH,290.0,5
CH,300.0,9
CH,310.0,4
CH,320.0,6
CH,330.0,4
CH,340.0,8
CH,350.0,4
CH,360.0,6
CH,370.0,9
CH,380.0,2
CH,390.0,2
CH,400.0,5
CH,410.0,9
CH,420.0,2
CH,430.0,8
CH,440.0,8
CH,450.0,6
CH,460.0,7
CH,470.0,11
CH,480.0,11
CH,490.0,7
CH,500.0,11
CH,510.0,7
CH,520.0,10
CH,530.0,15
CH,540.0,6
CH,550.0,17
CH,560.0,11
CH,570.0,21
CH,580.0,22
CH,590.0,11
CH,600.0,13
CH,610.0,6
CH,620.0,8
CH,630.0,2
CH,640.0,1
CH,650.0,4
CH,660.0,3
CH,670.0,1
CH,730.0,2
CI,0.0,12659
CI,10.0,42
CK,0.0,108
CL,0.0,118572
CL,10.0,606
CL,20.0,13
CL,30.0,5
CL,40.0,2
CL,60.0,1
CM,0.0,6892
CM,10.0,15
CN,0.0,204563
CN,10.0,1899
CN,20.0,164
CN,30.0,36
CN,40.0,17
CN,50.0,9
CN,60.0,8
CN,70.0,2
CO,0.0,94310
CO,10.0,3921
CO,20.0,168
CO,30.0,63
CO,40.0,51
CO,50.0,32
CO,60.0,25
CO,70.0,1
CR,0.0,27268
CR,10.0,286
CR,20.0,29
CR,30.0,4
CR,40.0,1
CR,70.0,1
CU,0.0,300
CU,10.0,9
CV,0.0,1844
CV,10.0,6
CV,20.0,1
CV,30.0,1
CW,0.0,2507
CW,10.0,118
CW,20.0,2
CX,0.0,23
CY,0.0,37825
CY,10.0,233
CY,20.0,44
CY,30.0,11
CY,40.0,3
CY,50.0,5
CY,60.0,9
CY,70.0,14
CY,130.0,2
CY,150.0,1
CY,200.0,1
CY,230.0,1
CY,460.0,1
CZ,0.0,534580
CZ,10.0,215995
CZ,20.0,62567
CZ,30.0,10627
CZ,40.0,4617
CZ,50.0,2048
CZ,60.0,4378
CZ,70.0,1660
CZ,80.0,158
CZ,90.0,44
CZ,100.0,55
CZ,110.0,57
CZ,120.0,107
CZ,130.0,44
CZ,140.0,22
CZ,150.0,12
CZ,160.0,6
CZ,170.0,8
CZ,180.0,6
CZ,190.0,10
CZ,200.0,3
CZ,210.0,1
CZ,220.0,4
CZ,230.0,3
CZ,240.0,1
CZ,250.0,2
CZ,290.0,1
CZ,300.0,1
CZ,320.0,2
CZ,340.0,2
CZ,350.0,2
CZ,360.0,3
CZ,370.0,8
CZ,380.0,2
CZ,390.0,1
CZ,410.0,1
CZ,430.0,1
DE,0.0,591904
DE,10.0,98526
DE,20.0,7838
DE,30.0,3739
DE,40.0,1221
DE,50.0,563
DE,60.0,326
DE,70.0,231
DE,80.0,129
DE,90.0,70
DE,100.0,50
DE,110.0,23
DE,120.0,18
DE,130.0,32
DE,140.0,28
DE,150.0,36
DE,160.0,41
DE,170.0,18
DE,180.0,9
DE,190.0,18
DE,200.0,12
DE,210.0,9
DE,220.0,11
DE,230.0,7
DE,240.0,7
DE,250.0,4
DE,260.0,4
DE,270.0,10
DE,280.0,7
DE,290.0,5
DE,300.0,8
DE,310.0,6
DE,320.0,2
DE,330.0,2
DE,340.0,1
DE,350.0,5
DE,360.0,2
DE,370.0,1
DE,380.0,7
DE,390.0,4
DE,400.0,1
DE,410.0,2
DE,420.0,1
DE,440.0,1
DE,480.0,1
DE,520.0,1
DE,530.0,1
DE,540.0,1
DE,550.0,1
DE,600.0,1
DE,620.0,1
DE,720.0,1
DJ,0.0,1433
DJ,10.0,61
DJ,20.0,1
DJ,40.0,3
DJ,50.0,1
DK,0.0,92920
DK,10.0,68248
DK,20.0,56345
DK,30.0,21364
DK,40.0,8416
DK,50.0,2044
DK,60.0,880
DK,70.0,682
DK,80.0,337
DK,90.0,167
DK,100.0,76
DK,110.0,18
DK,120.0,22
DK,130.0,16
DK,140.0,16
DK,150.0,12
DK,160.0,16
DK,170.0,18
DK,180.0,13
DK,190.0,29
DK,200.0,12
DK,210.0,14
DK,220.0,10
DK,230.0,8
DK,240.0,6
DK,250.0,1
DK,260.0,5
DK,270.0,1
DK,280.0,2
DK,290.0,3
DK,300.0,3
DK,310.0,2
DK,320.0,1
DK,330.0,2
DK,340.0,3
DK,360.0,1
DK,370.0,1
DK,380.0,1
DK,390.0,2
DK,410.0,3
DK,460.0,1
DK,540.0,1
DM,0.0,1148
DM,10.0,16
DM,20.0,1
DO,0.0,36793
DO,10.0,834
DO,20.0,108
DO,30.0,8
DO,40.0,2
DO,50.0,1
DZ,0.0,214665
DZ,10.0,700
DZ,20.0,99
DZ,30.0,20
DZ,40.0,2
EC,0.0,49620
EC,10.0,846
EC,20.0,108
EC,30.0,24
EC,40.0,4
EC,50.0,3
EC,70.0,3
EE,0.0,38237
EE,10.0,19862
EE,20.0,5770
EE,30.0,3286
EE,40.0,1554
EE,50.0,745
EE,60.0,315
EE,70.0,225
EE,80.0,29
EE,90.0,11
EE,100.0,5
EE,110.0,2
EE,120.0,8
EE,130.0,4
EE,140.0,1
EE,150.0,1
EE,180.0,2
EE,190.0,3
EE,220.0,1
EE,230.0,1
EE,240.0,2
EE,270.0,1
EE,280.0,1
EE,300.0,1
EE,320.0,1
EE,330.0,1
EE,350.0,1
EE,360.0,1
EE,390.0,1
EG,0.0,181882
EG,10.0,368
EG,20.0,8
EG,30.0,4
EG,40.0,6
EG,50.0,1
EG,60.0,1
ER,0.0,15
ES,0.0,1000364
ES,10.0,273378
ES,20.0,43903
ES,30.0,13885
ES,40.0,9197
ES,50.0,6271
ES,60.0,4117
ES,70.0,1498
ES,80.0,376
ES,90.0,354
ES,100.0,331
ES,110.0,146
ES,120.0,87
ES,130.0,67
ES,140.0,75
ES,150.0,63
ES,160.0,56
ES,170.0,20
ES,180.0,14
ES,190.0,18
ES,200.0,16
ES,210.0,17
ES,220.0,15
ES,230.0,29
ES,240.0,13
ES,250.0,3
ES,260.0,2
ES,270.0,1
ES,280.0,1
ES,290.0,1
ES,320.0,1
ES,450.0,1
ES,570.0,1
ES,750.0,1
ET,0.0,6577
ET,10.0,217
ET,20.0,14
ET,30.0,4
ET,40.0,6
EU,0.0,2930
EU,10.0,417
EU,20.0,144
EU,30.0,63
EU,40.0,62
EU,50.0,30
EU,60.0,28
EU,70.0,6
EU,80.0,2
EU,90.0,4
EU,100.0,1
EU,110.0,1
EU,120.0,2
EU,140.0,1
EU,160.0,1
EU,170.0,1
EU,380.0,1
FI,0.0,82268
FI,10.0,49511
FI,20.0,3640
FI,30.0,1561
FI,40.0,884
FI,50.0,478
FI,60.0,252
FI,70.0,144
FI,80.0,135
FI,90.0,23
FI,100.0,27
FI,110.0,5
FI,120.0,1
FI,130.0,1
FI,140.0,2
FI,150.0,2
FI,160.0,1
FI,170.0,1
FI,180.0,1
FI,190.0,2
FI,200.0,1
FI,220.0,1
FI,240.0,2
FI,250.0,2
FI,330.0,2
FI,390.0,1
FI,400.0,2
FI,420.0,1
FI,470.0,2
FI,480.0,1
FI,510.0,1
FI,520.0,1
FI,540.0,1
FI,610.0,2
FI,620.0,2
FJ,0.0,3109
FJ,10.0,84
FJ,20.0,1
FK,0.0,28
FM,0.0,291
FO,0.0,1188
FO,10.0,16
FO,20.0,17
FO,30.0,6
FR,0.0,1250682
FR,10.0,114785
FR,20.0,40811
FR,30.0,18605
FR,40.0,11667
FR,50.0,7080
FR,60.0,4117
FR,70.0,2476
FR,80.0,2016
FR,90.0,774
FR,100.0,580
FR,110.0,438
FR,120.0,653
FR,130.0,1071
FR,140.0,617
FR,150.0,484
FR,160.0,599
FR,170.0,233
FR,180.0,186
FR,190.0,212
FR,200.0,146
FR,210.0,53
FR,220.0,56
FR,230.0,69
FR,240.0,72
FR,250.0,71
FR,260.0,56
FR,270.0,62
FR,280.0,68
FR,290.0,76
FR,300.0,69
FR,310.0,67
FR,320.0,45
FR,330.0,36
FR,340.0,32
FR,350.0,24
FR,360.0,13
FR,370.0,5
FR,380.0,11
FR,390.0,9
FR,400.0,7
FR,410.0,6
FR,420.0,5
FR,430.0,6
FR,440.0,8
FR,450.0,10
FR,460.0,4
FR,470.0,7
FR,480.0,12
FR,490.0,15
FR,500.0,32
FR,510.0,44
FR,520.0,1
FR,550.0,2
FR,580.0,3
FR,590.0,4
FR,600.0,1
FR,610.0,1
FR,620.0,1
FR,650.0,2
FR,660.0,2
FR,670.0,1
FR,680.0,1
FR,690.0,2
FR,700.0,1
FR,720.0,3
FR,730.0,2
FR,750.0,1
GA,0.0,5056
GA,10.0,15
GA,40.0,1
GB,0.0,1927763
GB,10.0,620565
GB,20.0,23456
GB,30.0,11646
GB,40.0,16212
GB,50.0,26617
GB,60.0,41697
GB,70.0,58509
GB,80.0,74698
GB,90.0,85568
GB,100.0,91182
GB,110.0,90043
GB,120.0,83535
GB,130.0,76183
GB,140.0,66755
GB,150.0,58169
GB,160.0,51646
GB,170.0,46249
GB,180.0,41092
GB,190.0,36807
GB,200.0,33026
GB,210.0,28962
GB,220.0,25395
GB,230.0,21808
GB,240.0,18595
GB,250.0,15018
GB,260.0,12161
GB,270.0,9850
GB,280.0,7743
GB,290.0,6238
GB,300.0,4972
GB,310.0,4006
GB,320.0,3155
GB,330.0,2469
GB,340.0,1858
GB,350.0,1403
GB,360.0,1149
GB,370.0,886
GB,380.0,668
GB,390.0,504
GB,400.0,410
GB,410.0,287
GB,420.0,257
GB,430.0,198
GB,440.0,136
GB,450.0,134
GB,460.0,100
GB,470.0,81
GB,480.0,101
GB,490.0,58
GB,500.0,50
GB,510.0,28
GB,520.0,21
GB,530.0,15
GB,540.0,15
GB,550.0,18
GB,560.0,7
GB,570.0,2
GB,580.0,5
GB,590.0,6
GB,600.0,3
GB,610.0,3
GB,620.0,1
GB,640.0,1
GB,650.0,1
GB,660.0,1
GB,670.0,2
GB,690.0,1
GB,700.0,2
GB,710.0,1
GD,0.0,1019
GD,10.0,7
GE,0.0,22530
GE,10.0,6813
GE,20.0,457
GE,30.0,72
GE,40.0,12
GE,60.0,6
GE,70.0,1
GF,0.0,2137
GF,10.0,18
GG,0.0,1615
GG,10.0,20
GG,20.0,4
GG,30.0,2
GG,40.0,4
GH,0.0,23202
GH,10.0,1139
GH,20.0,210
GH,30.0,100
GH,40.0,54
GH,50.0,83
GH,60.0,72
GH,70.0,74
GH,80.0,1
GH,350.0,1
GI,0.0,2352
GI,10.0,215
GI,20.0,42
GI,30.0,2
GL,0.0,810
GL,10.0,14
GL,20.0,1
GM,0.0,962
GN,0.0,1983
GP,0.0,6935
GP,10.0,49
GP,20.0,8
GQ,0.0,416
GR,0.0,599590
GR,10.0,31141
GR,20.0,10344
GR,30.0,3107
GR,40.0,825
GR,50.0,390
GR,60.0,316
GR,70.0,316
GR,80.0,238
GR,90.0,63
GR,100.0,48
GR,110.0,38
GR,120.0,26
GR,130.0,18
GR,140.0,26
GR,150.0,29
GR,160.0,22
GR,170.0,10
GR,180.0,7
GR,190.0,12
GR,200.0,4
GR,210.0,9
GR,220.0,8
GR,230.0,1
GR,240.0,6
GR,250.0,5
GR,260.0,13
GR,270.0,21
GR,280.0,17
GR,290.0,15
GR,300.0,12
GR,310.0,5
GR,320.0,5
GR,330.0,8
GR,340.0,7
GR,350.0,5
GR,370.0,1
GR,390.0,3
GR,400.0,4
GR,410.0,4
GR,420.0,3
GR,430.0,4
GR,440.0,1
GR,450.0,2
GR,470.0,4
GR,480.0,7
GR,490.0,5
GR,500.0,1
GR,510.0,2
GR,530.0,2
GR,540.0,1
GR,550.0,1
GR,560.0,1
GR,580.0,2
GR,600.0,1
GR,610.0,2
GR,620.0,1
GR,700.0,2
GR,720.0,3
GR,730.0,1
GR,760.0,1
GR,770.0,1
GT,0.0,38585
GT,10.0,1280
GT,20.0,272
GT,30.0,76
GT,40.0,35
GT,50.0,6
GT,60.0,7
GT,70.0,6
GU,0.0,1821
GU,10.0,21
GU,20.0,5
GU,30.0,1
GU,60.0,1
GW,0.0,88
GW,10.0,2
GY,0.0,3651
GY,10.0,30
HK,0.0,32633
HK,10.0,16029
HK,20.0,10644
HK,30.0,2013
HK,40.0,825
HK,50.0,538
HK,60.0,598
HK,70.0,500
HK,80.0,211
HK,90.0,184
HK,100.0,132
HK,110.0,86
HK,120.0,70
HK,130.0,64
HK,140.0,49
HK,150.0,54
HK,160.0,40
HK,170.0,30
HK,180.0,28
HK,190.0,23
HK,200.0,20
HK,210.0,15
HK,220.0,9
HK,230.0,11
HK,240.0,2
HK,250.0,2
HK,260.0,4
HK,270.0,1
HK,280.0,3
HK,290.0,1
HK,300.0,1
HK,310.0,1
HK,320.0,3
HK,330.0,2
HK,340.0,2
HK,350.0,3
HK,360.0,2
HK,370.0,2
HK,430.0,1
HK,460.0,1
HK,470.0,1
HK,520.0,1
HK,550.0,1
HK,560.0,1
HK,580.0,2
HN,0.0,12761
HN,10.0,330
HN,20.0,40
HN,30.0,17
HN,40.0,12
HN,50.0,7
HN,60.0,2
HN,70.0,2
HR,0.0,162309
HR,10.0,9638
HR,20.0,1706
HR,30.0,561
HR,40.0,436
HR,50.0,420
HR,60.0,425
HR,70.0,579
HR,80.0,78
HR,100.0,1
HR,110.0,1
HR,140.0,1
HR,160.0,1
HR,180.0,1
HR,200.0,1
HR,320.0,1
HR,330.0,2
HR,360.0,2
HT,0.0,4675
HT,10.0,98
HT,20.0,33
HT,30.0,1
HU,0.0,913897
HU,10.0,297228
HU,20.0,154080
HU,30.0,20873
HU,40.0,8795
HU,50.0,1782
HU,60.0,937
HU,70.0,562
HU,80.0,218
HU,90.0,149
HU,100.0,35
HU,110.0,19
HU,120.0,16
HU,130.0,12
HU,140.0,11
HU,150.0,10
HU,160.0,3
HU,170.0,1
HU,240.0,1
HU,250.0,2
HU,280.0,2
HU,320.0,1
HU,370.0,1
HU,400.0,1
HU,460.0,1
HU,580.0,1
ID,0.0,248579
ID,10.0,13901
ID,20.0,2127
ID,30.0,554
ID,40.0,166
ID,50.0,31
ID,60.0,26
ID,70.0,17
ID,80.0,12
ID,100.0,1
IE,0.0,101100
IE,10.0,53124
IE,20.0,16075
IE,30.0,498
IE,40.0,132
IE,50.0,110
IE,60.0,100
IE,70.0,128
IE,80.0,40
IE,90.0,25
IE,100.0,18
IE,110.0,14
IE,120.0,14
IE,130.0,6
IE,140.0,16
IE,150.0,11
IE,160.0,12
IE,170.0,15
IE,180.0,6
IE,190.0,5
IE,200.0,12
IE,210.0,4
IE,230.0,4
IE,240.0,5
IE,250.0,2
IE,260.0,1
IE,270.0,4
IE,280.0,1
IE,290.0,5
IE,300.0,5
IE,310.0,4
IE,320.0,5
IE,330.0,6
IE,340.0,6
IE,350.0,9
IE,360.0,9
IE,370.0,4
IE,380.0,2
IE,390.0,3
IE,400.0,2
IE,410.0,1
IE,430.0,2
IE,440.0,2
IE,460.0,2
IE,470.0,3
IE,480.0,1
IE,490.0,2
IE,500.0,4
IE,510.0,1
IE,530.0,4
IE,540.0,1
IE,550.0,2
IE,570.0,1
IE,580.0,4
IE,590.0,4
IE,600.0,1
IE,610.0,4
IE,680.0,1
IE,760.0,1
IL,0.0,170375
IL,10.0,1814
IL,20.0,128
IL,30.0,39
IL,40.0,33
IL,50.0,21
IL,60.0,9
IL,70.0,44
IL,80.0,24
IL,90.0,1
IM,0.0,2423
IM,10.0,289
IM,20.0,15
IM,30.0,7
IM,40.0,5
IN,0.0,1762111
IN,10.0,38162
IN,20.0,4385
IN,30.0,681
IN,40.0,277
IN,50.0,191
IN,60.0,153
IN,70.0,65
IN,80.0,4
IN,90.0,2
IN,100.0,1
IN,130.0,1
IN,210.0,1
IO,0.0,2
IQ,0.0,98487
IQ,10.0,3140
IQ,20.0,206
IQ,30.0,50
IQ,40.0,3
IQ,50.0,1
IQ,60.0,1
IR,0.0,74044
IR,10.0,593
IR,20.0,28
IR,30.0,7
IR,40.0,1
IR,50.0,2
IR,60.0,3
IR,70.0,11
IS,0.0,7998
IS,10.0,7323
IS,20.0,649
IS,30.0,176
IS,40.0,76
IS,50.0,45
IS,60.0,71
IS,70.0,41
IS,80.0,2
IS,90.0,2
IS,110.0,1
IS,190.0,3
IS,220.0,1
IS,270.0,1
IT,0.0,3066683
IT,10.0,196321
IT,20.0,19073
IT,30.0,2211
IT,40.0,1278
IT,50.0,434
IT,60.0,287
IT,70.0,312
IT,80.0,320
IT,90.0,3
IT,100.0,8
IT,110.0,6
IT,120.0,6
IT,140.0,4
IT,150.0,3
IT,160.0,1
IT,180.0,1
IT,190.0,2
IT,200.0,2
IT,210.0,2
IT,250.0,1
IT,260.0,2
IT,270.0,1
IT,290.0,1
IT,310.0,1
IT,320.0,2
IT,330.0,1
IT,340.0,2
IT,350.0,1
IT,360.0,2
IT,370.0,3
IT,380.0,1
IT,390.0,2
IT,400.0,1
IT,410.0,1
IT,420.0,2
IT,430.0,2
IT,440.0,4
IT,470.0,1
IT,490.0,1
IT,510.0,1
IT,520.0,1
IT,550.0,1
IT,600.0,1
IT,610.0,1
JE,0.0,4372
JE,10.0,518
JE,20.0,73
JE,30.0,36
JE,40.0,8
JE,50.0,11
JE,60.0,3
JE,70.0,7
JM,0.0,15837
JM,10.0,388
JM,20.0,113
JM,30.0,46
JM,40.0,11
JM,50.0,9
JM,60.0,5
JM,70.0,9
JM,80.0,1
JO,0.0,32114
JO,10.0,2424
JO,20.0,358
JO,30.0,86
JO,40.0,10
JP,0.0,230148
JP,10.0,90067
JP,20.0,38336
JP,30.0,29759
JP,40.0,16789
JP,50.0,11422
JP,60.0,10486
JP,70.0,7306
JP,80.0,1759
JP,90.0,1090
JP,100.0,928
JP,110.0,946
JP,120.0,972
JP,130.0,924
JP,140.0,764
JP,150.0,738
JP,160.0,464
JP,170.0,294
JP,180.0,277
JP,190.0,283
JP,200.0,214
JP,210.0,143
JP,220.0,109
JP,230.0,77
JP,240.0,76
JP,250.0,42
JP,260.0,33
JP,270.0,30
JP,280.0,30
JP,290.0,31
JP,300.0,25
JP,310.0,27
JP,320.0,32
JP,330.0,28
JP,340.0,21
JP,350.0,16
JP,360.0,17
JP,370.0,12
JP,380.0,24
JP,390.0,29
JP,400.0,14
JP,410.0,17
JP,420.0,18
JP,430.0,12
JP,440.0,11
JP,450.0,14
JP,460.0,10
JP,470.0,7
JP,480.0,10
JP,490.0,10
JP,500.0,12
JP,510.0,15
JP,520.0,8
JP,530.0,9
JP,540.0,11
JP,550.0,9
JP,560.0,7
JP,570.0,6
JP,580.0,10
JP,590.0,6
JP,600.0,6
JP,610.0,2
JP,620.0,1
JP,630.0,2
JP,650.0,1
KE,0.0,37149
KE,10.0,1966
KE,20.0,461
KE,30.0,360
KE,40.0,248
KE,50.0,297
KE,60.0,324
KE,70.0,320
KE,80.0,89
KE,90.0,18
KE,100.0,9
KE,110.0,4
KE,120.0,8
KE,130.0,3
KE,140.0,5
KE,150.0,5
KE,160.0,9
KE,170.0,2
KE,180.0,2
KE,190.0,2
KE,200.0,7
KE,210.0,1
KE,220.0,6
KE,230.0,3
KE,240.0,3
KE,250.0,5
KE,260.0,2
KE,270.0,3
KE,280.0,3
KE,290.0,2
KE,310.0,1
KE,320.0,4
KE,330.0,5
KE,340.0,3
KE,350.0,1
KE,400.0,1
KE,410.0,8
KE,420.0,3
KE,490.0,1
KE,520.0,1
KE,630.0,2
KE,640.0,2
KE,660.0,2
KE,670.0,1
KE,680.0,1
KG,0.0,49518
KG,10.0,638
KG,20.0,27
KG,30.0,9
KG,50.0,8
KG,60.0,1
KG,70.0,1
KH,0.0,20203
KH,10.0,1854
KH,20.0,194
KH,30.0,80
KH,40.0,17
KH,50.0,6
KH,60.0,4
KH,70.0,1
KI,0.0,64
KM,0.0,150
KN,0.0,645
KN,10.0,51
KN,20.0,5
KP,0.0,115
KP,10.0,2
KP,20.0,1
KP,140.0,1
KP,250.0,1
KP,270.0,1
KP,290.0,1
KP,300.0,3
KP,310.0,1
KP,320.0,2
KR,0.0,421902
KR,10.0,274814
KR,20.0,107773
KR,30.0,3019
KR,40.0,1147
KR,50.0,532
KR,60.0,639
KR,70.0,837
KR,80.0,110
KR,90.0,14
KR,100.0,16
KR,110.0,13
KR,120.0,13
KR,130.0,13
KR,140.0,17
KR,150.0,12
KR,160.0,5
KR,170.0,3
KR,180.0,7
KR,190.0,4
KR,200.0,1
KR,210.0,3
KR,220.0,3
KR,240.0,2
KR,260.0,2
KR,270.0,1
KR,280.0,1
KR,310.0,1
KR,330.0,1
KW,0.0,54656
KW,10.0,6199
KW,20.0,364
KW,30.0,15
KW,40.0,5
KW,50.0,1
KY,0.0,2646
KY,10.0,316
KY,20.0,21
KY,30.0,6
KY,60.0,1
KY,70.0,1
KY,80.0,1
KZ,0.0,347952
KZ,10.0,38055
KZ,20.0,1266
KZ,30.0,397
KZ,40.0,156
KZ,50.0,52
KZ,60.0,37
KZ,70.0,7
KZ,80.0,1
KZ,140.0,1
LA,0.0,5515
LA,10.0,324
LA,20.0,34
LA,30.0,12
LA,40.0,5
LB,0.0,48395
LB,10.0,291
LB,20.0,71
LB,30.0,21
LB,40.0,4
LC,0.0,1236
LC,10.0,8
LI,0.0,477
LI,10.0,13
LI,20.0,1
LI,30.0,3
LK,0.0,62906
LK,10.0,113
LK,20.0,17
LK,30.0,4
LK,40.0,3
LK,50.0,1
LR,0.0,3961
LR,10.0,64
LR,20.0,1
LR,40.0,1
LS,0.0,339
LS,10.0,8
LS,20.0,4
LS,30.0,3
LS,40.0,1
LT,0.0,45824
LT,10.0,28672
LT,20.0,15152
LT,30.0,4651
LT,40.0,1715
LT,50.0,406
LT,60.0,172
LT,70.0,207
LT,80.0,78
LT,90.0,12
LT,100.0,3
LT,110.0,8
LT,120.0,6
LT,130.0,2
LT,140.0,6
LT,150.0,2
LT,160.0,2
LT,170.0,7
LT,190.0,4
LT,200.0,4
LT,210.0,1
LT,230.0,2
LT,240.0,1
LT,250.0,2
LT,260.0,1
LT,330.0,1
LT,340.0,1
LT,350.0,2
LU,0.0,15357
LU,10.0,4666
LU,20.0,1052
LU,30.0,598
LU,40.0,244
LU,50.0,37
LU,60.0,11
LU,70.0,12
LU,80.0,6
LU,90.0,1
LU,150.0,1
LU,190.0,2
LU,430.0,1
LV,0.0,41542
LV,10.0,25783
LV,20.0,10566
LV,30.0,4337
LV,40.0,2136
LV,50.0,987
LV,60.0,481
LV,70.0,152
LV,80.0,101
LV,90.0,44
LV,100.0,11
LV,110.0,10
LV,120.0,8
LV,130.0,4
LV,150.0,1
LV,160.0,2
LV,170.0,3
LV,180.0,1
LV,190.0,2
LV,200.0,2
LV,210.0,1
LV,220.0,1
LV,230.0,2
LV,250.0,1
LV,300.0,1
LV,310.0,1
LV,360.0,1
LV,420.0,1
LV,480.0,1
LY,0.0,16578
LY,10.0,234
LY,20.0,47
LY,30.0,15
LY,40.0,2
MA,0.0,108239
MA,10.0,1101
MA,20.0,119
MA,30.0,2
MA,40.0,2
MC,0.0,838
MC,10.0,587
MC,20.0,92
MC,30.0,14
MC,40.0,11
MC,50.0,2
MC,60.0,1
MC,80.0,1
MC,110.0,1
MC,140.0,1
MD,0.0,50579
MD,10.0,23773
MD,20.0,6871
MD,30.0,1416
MD,40.0,102
MD,50.0,47
MD,60.0,38
MD,70.0,31
MD,80.0,9
MD,90.0,4
MD,110.0,2
MD,120.0,1
MD,130.0,1
MD,150.0,3
MD,160.0,1
MD,190.0,1
ME,0.0,11990
ME,10.0,197
ME,20.0,84
ME,30.0,60
ME,40.0,5
MF,0.0,483
MF,10.0,25
MG,0.0,16284
MG,10.0,30
MG,20.0,18
MG,30.0,2
MG,40.0,3
MG,50.0,5
MG,60.0,6
MG,70.0,2
MG,410.0,1
MH,0.0,217
MH,10.0,2
MK,0.0,32316
MK,10.0,3773
MK,20.0,382
MK,30.0,189
MK,40.0,49
MK,50.0,7
MK,60.0,2
MK,70.0,3
ML,0.0,2431
ML,10.0,26
ML,50.0,1
MM,0.0,21608
MM,10.0,415
MM,20.0,37
MM,30.0,10
MM,40.0,2
MM,50.0,3
MM,60.0,1
MM,70.0,1
MN,0.0,3594
MN,10.0,37
MN,20.0,1
MO,0.0,3282
MO,10.0,822
MO,20.0,397
MO,30.0,159
MO,40.0,80
MO,50.0,24
MO,60.0,19
MO,70.0,25
MO,80.0,8
MO,90.0,4
MO,100.0,3
MO,110.0,1
MO,150.0,1
MP,0.0,413
MQ,0.0,5989
MQ,10.0,37
MR,0.0,1607
MR,10.0,1
MS,0.0,138
MS,10.0,2
MT,0.0,19136
MT,10.0,283
MT,20.0,19
MT,30.0,6
MT,40.0,5
MT,50.0,21
MT,70.0,2
MU,0.0,25290
MU,10.0,59
MU,20.0,17
MU,30.0,3
MU,40.0,2
MV,0.0,3699
MV,10.0,55
MV,20.0,6
MW,0.0,1573
MW,10.0,2
MX,0.0,353790
MX,10.0,17513
MX,20.0,4470
MX,30.0,1197
MX,40.0,668
MX,50.0,225
MX,60.0,190
MX,70.0,167
MX,80.0,65
MX,90.0,49
MX,100.0,34
MX,110.0,23
MX,120.0,22
MX,130.0,32
MX,140.0,26
MX,150.0,16
MX,160.0,17
MX,170.0,7
MX,180.0,5
MX,190.0,15
MX,200.0,5
MX,210.0,7
MX,220.0,5
MX,230.0,3
MX,240.0,6
MX,250.0,6
MX,260.0,6
MX,270.0,8
MX,280.0,10
MX,290.0,19
MX,300.0,41
MX,310.0,48
MX,320.0,22
MX,330.0,12
MX,340.0,14
MX,360.0,2
MX,420.0,1
MX,440.0,1
MX,520.0,1
MY,0.0,302547
MY,10.0,26315
MY,20.0,996
MY,30.0,345
MY,40.0,92
MY,50.0,36
MY,60.0,49
MY,70.0,26
MY,80.0,17
MY,90.0,2
MY,130.0,1
MY,160.0,1
MZ,0.0,5859
MZ,10.0,52
MZ,20.0,22
MZ,30.0,30
MZ,40.0,1
NA,0.0,11584
NA,10.0,450
NA,20.0,51
NA,30.0,9
NC,0.0,8557
NC,10.0,32
NC,20.0,23
NC,50.0,1
NE,0.0,1191
NE,10.0,4
NF,0.0,4
NG,0.0,19965
NG,10.0,884
NG,20.0,292
NG,30.0,128
NG,40.0,90
NG,50.0,39
NG,60.0,11
NG,70.0,4
NI,0.0,7830
NI,10.0,102
NI,20.0,14
NI,50.0,1
NI,60.0,1
NL,0.0,446694
NL,10.0,231612
NL,20.0,52726
NL,30.0,19553
NL,40.0,11065
NL,50.0,6076
NL,60.0,5222
NL,70.0,4115
NL,80.0,1568
NL,90.0,1106
NL,100.0,1001
NL,110.0,463
NL,120.0,331
NL,130.0,417
NL,140.0,387
NL,150.0,303
NL,160.0,280
NL,170.0,248
NL,180.0,200
NL,190.0,196
NL,200.0,175
NL,210.0,148
NL,220.0,142
NL,230.0,107
NL,240.0,96
NL,250.0,85
NL,260.0,63
NL,270.0,70
NL,280.0,72
NL,290.0,71
NL,300.0,76
NL,310.0,89
NL,320.0,91
NL,330.0,67
NL,340.0,79
NL,350.0,84
NL,360.0,57
NL,370.0,46
NL,380.0,40
NL,390.0,30
NL,400.0,42
NL,410.0,25
NL,420.0,6
NL,430.0,8
NL,440.0,7
NL,450.0,6
NL,460.0,2
NL,470.0,3
NL,480.0,2
NL,490.0,7
NL,500.0,4
NL,510.0,4
NL,520.0,4
NL,530.0,2
NL,540.0,2
NL,550.0,3
NL,560.0,5
NL,570.0,5
NL,580.0,5
NL,610.0,1
NL,650.0,2
NL,660.0,1
NL,670.0,2
NL,680.0,1
NL,700.0,1
NL,710.0,2
NL,730.0,2
NL,740.0,1
NL,770.0,1
NO,0.0,68491
NO,10.0,36198
NO,20.0,14423
NO,30.0,8707
NO,40.0,3968
NO,50.0,1925
NO,60.0,1417
NO,70.0,615
NO,80.0,271
NO,90.0,92
NO,100.0,35
NO,110.0,53
NO,120.0,56
NO,130.0,44
NO,140.0,34
NO,150.0,29
NO,160.0,60
NO,170.0,45
NO,180.0,20
NO,190.0,32
NO,200.0,33
NO,210.0,22
NO,220.0,10
NO,230.0,4
NO,240.0,13
NO,250.0,10
NO,260.0,10
NO,270.0,3
NO,280.0,5
NO,290.0,3
NO,300.0,3
NO,320.0,3
NO,330.0,2
NO,340.0,3
NO,350.0,3
NO,360.0,2
NO,370.0,4
NO,390.0,2
NO,400.0,1
NO,410.0,1
NO,430.0,3
NO,440.0,2
NO,460.0,1
NO,480.0,1
NO,530.0,1
NO,560.0,2
NP,0.0,37944
NP,10.0,354
NP,20.0,14
NP,30.0,3
NP,40.0,1
NP,50.0,5
NP,60.0,6
NP,70.0,3
NR,0.0,21
NU,0.0,5
NZ,0.0,74067
NZ,10.0,20406
NZ,20.0,2413
NZ,30.0,1303
NZ,40.0,335
NZ,50.0,178
NZ,60.0,232
NZ,70.0,110
NZ,80.0,28
NZ,90.0,25
NZ,100.0,15
NZ,110.0,18
NZ,120.0,19
NZ,130.0,19
NZ,140.0,4
NZ,150.0,21
NZ,160.0,17
NZ,170.0,3
NZ,240.0,1
NZ,280.0,1
NZ,300.0,2
NZ,370.0,1
NZ,400.0,1
NZ,440.0,1
NZ,490.0,2
NZ,510.0,1
OM,0.0,22879
OM,10.0,228
OM,20.0,33
OM,30.0,4
PA,0.0,18000
PA,10.0,632
PA,20.0,14
PA,30.0,1
PA,40.0,1
PA,70.0,1
PE,0.0,81164
PE,10.0,272
PE,20.0,24
PE,30.0,10
PF,0.0,6992
PF,10.0,9
PG,0.0,683
PG,10.0,31
PG,20.0,5
PG,30.0,4
PG,50.0,1
PH,0.0,460308
PH,10.0,3462
PH,20.0,630
PH,30.0,178
PH,40.0,105
PH,50.0,47
PH,60.0,26
PH,70.0,16
PH,200.0,1
PH,230.0,2
PH,390.0,1
PH,440.0,1
PH,510.0,2
PK,0.0,337960
PK,10.0,710
PK,20.0,23
PK,30.0,8
PK,40.0,2
PL,0.0,821830
PL,10.0,171333
PL,20.0,12702
PL,30.0,2112
PL,40.0,450
PL,50.0,188
PL,60.0,104
PL,70.0,109
PL,80.0,82
PL,90.0,14
PL,100.0,8
PL,110.0,3
PL,120.0,7
PL,130.0,3
PL,140.0,2
PL,150.0,5
PL,160.0,6
PL,180.0,3
PL,280.0,1
PL,300.0,1
PL,310.0,1
PL,320.0,2
PL,340.0,1
PL,370.0,1
PM,0.0,689
PR,0.0,35383
PR,10.0,520
PR,20.0,58
PR,30.0,33
PR,40.0,19
PR,50.0,17
PR,60.0,9
PR,70.0,12
PR,80.0,7
PR,90.0,2
PR,100.0,3
PR,110.0,6
PR,130.0,1
PR,140.0,1
PR,150.0,1
PR,160.0,2
PR,170.0,1
PR,210.0,1
PR,280.0,1
PS,0.0,11389
PS,10.0,70
PS,20.0,1
PS,30.0,1
PT,0.0,290245
PT,10.0,80171
PT,20.0,5559
PT,30.0,345
PT,40.0,282
PT,50.0,117
PT,60.0,57
PT,70.0,48
PT,80.0,9
PT,90.0,7
PT,100.0,5
PT,110.0,4
PT,120.0,3
PT,130.0,5
PT,140.0,3
PT,150.0,4
PT,160.0,1
PT,170.0,1
PT,190.0,1
PT,230.0,1
PT,290.0,1
PW,0.0,94
PY,0.0,10233
PY,10.0,31
PY,20.0,1
QA,0.0,33541
QA,10.0,1406
QA,20.0,172
QA,30.0,24
QA,40.0,22
QA,50.0,4
RE,0.0,11562
RE,10.0,77
RE,20.0,2
RE,30.0,3
RE,60.0,6
RO,0.0,208528
RO,10.0,149597
RO,20.0,75336
RO,30.0,26805
RO,40.0,6908
RO,50.0,1822
RO,60.0,877
RO,70.0,1033
RO,80.0,235
RO,90.0,110
RO,100.0,44
RO,110.0,56
RO,120.0,54
RO,130.0,46
RO,140.0,33
RO,150.0,30
RO,160.0,10
RO,170.0,9
RO,180.0,1
RO,210.0,2
RO,250.0,2
RO,270.0,1
RO,290.0,1
RO,320.0,1
RS,0.0,158098
RS,10.0,3175
RS,20.0,341
RS,30.0,141
RS,40.0,82
RS,50.0,44
RS,60.0,63
RS,70.0,56
RS,80.0,17
RS,90.0,3
RS,100.0,5
RS,110.0,5
RS,120.0,4
RS,130.0,8
RS,140.0,8
RS,150.0,1
RS,160.0,1
RS,180.0,3
RS,200.0,2
RS,220.0,4
RS,230.0,3
RS,260.0,1
RS,280.0,1
RS,370.0,1
RS,380.0,1
RS,430.0,2
RS,440.0,1
RS,470.0,1
RS,480.0,1
RS,500.0,1
RU,0.0,3124743
RU,10.0,1415945
RU,20.0,275104
RU,30.0,81971
RU,40.0,24342
RU,50.0,5304
RU,60.0,4638
RU,70.0,4852
RU,80.0,489
RU,90.0,44
RU,100.0,20
RU,110.0,24
RU,120.0,28
RU,130.0,26
RU,140.0,45
RU,150.0,19
RU,160.0,10
RU,170.0,16
RU,180.0,8
RU,190.0,11
RU,200.0,8
RU,210.0,4
RU,220.0,1
RU,230.0,4
RU,240.0,1
RU,250.0,3
RU,260.0,2
RU,270.0,1
RU,280.0,3
RU,310.0,1
RU,320.0,1
RU,350.0,1
RU,570.0,1
RW,0.0,2316
RW,10.0,53
RW,20.0,16
RW,30.0,2
RW,40.0,1
SA,0.0,380613
SA,10.0,13162
SA,20.0,334
SA,30.0,109
SA,40.0,52
SA,50.0,7
SA,60.0,4
SB,0.0,95
SB,10.0,13
SC,0.0,4992
SC,10.0,757
SC,20.0,43
SC,30.0,4
SC,40.0,2
SC,50.0,1
SC,80.0,1
SD,0.0,5991
SD,10.0,26
SD,20.0,1
SD,50.0,2
SE,0.0,129483
SE,10.0,114812
SE,20.0,21638
SE,30.0,15357
SE,40.0,9622
SE,50.0,5353
SE,60.0,4888
SE,70.0,6201
SE,80.0,1905
SE,90.0,1465
SE,100.0,539
SE,110.0,63
SE,120.0,26
SE,130.0,40
SE,140.0,20
SE,150.0,18
SE,160.0,24
SE,170.0,35
SE,180.0,32
SE,190.0,18
SE,200.0,29
SE,210.0,29
SE,220.0,18
SE,230.0,16
SE,240.0,17
SE,250.0,11
SE,260.0,15
SE,270.0,9
SE,280.0,3
SE,290.0,7
SE,300.0,4
SE,310.0,4
SE,320.0,6
SE,330.0,5
SE,340.0,3
SE,350.0,8
SE,360.0,7
SE,370.0,4
SE,380.0,6
SE,390.0,2
SE,400.0,3
SE,410.0,3
SE,420.0,1
SE,430.0,2
SE,440.0,3
SE,450.0,2
SE,460.0,1
SE,470.0,2
SE,480.0,2
SE,490.0,1
SE,500.0,2
SE,520.0,1
SE,580.0,1
SE,600.0,1
SE,610.0,1
SE,620.0,3
SE,650.0,1
SE,680.0,2
SE,690.0,1
SE,720.0,1
SE,730.0,1
SG,0.0,59967
SG,10.0,18985
SG,20.0,7621
SG,30.0,5471
SG,40.0,3132
SG,50.0,2323
SG,60.0,1969
SG,70.0,2179
SG,80.0,1483
SG,90.0,1041
SG,100.0,765
SG,110.0,639
SG,120.0,852
SG,130.0,720
SG,140.0,681
SG,150.0,804
SG,160.0,635
SG,170.0,368
SG,180.0,291
SG,190.0,257
SG,200.0,227
SG,210.0,149
SG,220.0,112
SG,230.0,97
SG,240.0,98
SG,250.0,67
SG,260.0,59
SG,270.0,66
SG,280.0,61
SG,290.0,58
SG,300.0,65
SG,310.0,46
SG,320.0,35
SG,330.0,48
SG,340.0,54
SG,350.0,101
SG,360.0,76
SG,370.0,41
SG,380.0,49
SG,390.0,43
SG,400.0,22
SG,410.0,15
SG,420.0,16
SG,430.0,11
SG,440.0,23
SG,450.0,26
SG,460.0,20
SG,470.0,26
SG,480.0,21
SG,490.0,14
SG,500.0,27
SG,510.0,17
SG,520.0,19
SG,530.0,29
SG,540.0,31
SG,550.0,40
SG,560.0,29
SG,570.0,12
SG,580.0,10
SG,590.0,19
SG,600.0,16
SG,610.0,6
SG,620.0,10
SG,630.0,5
SG,640.0,7
SG,650.0,4
SG,660.0,4
SG,670.0,4
SG,680.0,6
SG,690.0,6
SG,700.0,4
SG,710.0,7
SG,720.0,9
SG,730.0,6
SG,740.0,5
SG,750.0,3
SG,760.0,5
SG,770.0,6
SG,780.0,1
SH,0.0,2
SI,0.0,92481
SI,10.0,20189
SI,20.0,5165
SI,30.0,548
SI,40.0,620
SI,50.0,276
SI,60.0,335
SI,70.0,519
SI,80.0,137
SI,90.0,29
SI,100.0,17
SI,110.0,1
SI,120.0,10
SI,130.0,5
SI,150.0,1
SI,160.0,1
SI,180.0,1
SI,240.0,1
SI,400.0,1
SI,420.0,1
SI,430.0,1
SI,760.0,1
SJ,0.0,1
SK,0.0,230909
SK,10.0,53900
SK,20.0,23081
SK,30.0,7913
SK,40.0,2400
SK,50.0,1523
SK,60.0,961
SK,70.0,604
SK,80.0,487
SK,90.0,44
SK,100.0,5
SK,110.0,2
SK,120.0,6
SK,130.0,5
SK,140.0,11
SK,150.0,5
SK,160.0,1
SK,200.0,1
SK,230.0,2
SK,260.0,1
SK,280.0,1
SK,480.0,1
SL,0.0,520
SL,10.0,3
SM,0.0,879
SM,10.0,2
SM,20.0,1
SN,0.0,11625
SN,10.0,6
SO,0.0,2714
SO,10.0,35
SO,20.0,1
SR,0.0,5464
SR,10.0,22
SR,20.0,1
SR,40.0,1
ST,0.0,114
SV,0.0,11041
SV,10.0,86
SV,20.0,21
SV,30.0,12
SV,40.0,11
SV,60.0,1
SV,70.0,6
SX,0.0,1026
SX,10.0,5
SX,20.0,1
SY,0.0,8330
SY,10.0,19
SY,20.0,2
SY,30.0,1
SY,40.0,18
SY,50.0,3
SZ,0.0,581
SZ,10.0,2
SZ,20.0,3
SZ,30.0,3
TC,0.0,607
TC,10.0,90
TC,20.0,19
TD,0.0,113
TD,10.0,1
TG,0.0,1209
TG,10.0,3
TG,20.0,1
TH,0.0,447739
TH,10.0,17409
TH,20.0,2698
TH,30.0,1012
TH,40.0,440
TH,50.0,337
TH,60.0,274
TH,70.0,208
TH,80.0,29
TH,90.0,1
TJ,0.0,6538
TJ,10.0,15
TJ,20.0,1
TK,0.0,38
TL,0.0,392
TM,0.0,5710
TM,10.0,28
TN,0.0,72003
TN,10.0,1052
TN,20.0,251
TN,30.0,59
TN,40.0,24
TN,50.0,28
TN,60.0,24
TN,70.0,24
TN,80.0,3
TN,90.0,1
TO,0.0,338
TO,10.0,5
TR,0.0,559673
TR,10.0,9475
TR,20.0,309
TR,30.0,142
TR,40.0,41
TR,50.0,42
TR,60.0,30
TR,70.0,23
TR,80.0,2
TR,90.0,4
TR,100.0,5
TR,110.0,3
TR,120.0,2
TR,150.0,1
TR,160.0,1
TR,170.0,1
TR,210.0,4
TT,0.0,41673
TT,10.0,241
TT,20.0,15
TT,30.0,5
TT,40.0,1
TV,0.0,6
TW,0.0,73512
TW,10.0,24255
TW,20.0,13339
TW,30.0,9163
TW,40.0,450
TW,50.0,487
TW,60.0,255
TW,70.0,163
TW,80.0,101
TW,90.0,9
TW,100.0,10
TW,110.0,4
TW,120.0,2
TW,130.0,2
TW,140.0,4
TW,150.0,3
TW,160.0,1
TW,170.0,3
TW,210.0,1
TW,220.0,1
TW,260.0,1
TW,300.0,1
TW,310.0,1
TZ,0.0,15575
TZ,10.0,66
TZ,20.0,6
UA,0.0,798466
UA,10.0,447711
UA,20.0,29048
UA,30.0,4003
UA,40.0,1478
UA,50.0,695
UA,60.0,683
UA,70.0,745
UA,80.0,41
UA,90.0,11
UA,100.0,6
UA,110.0,11
UA,120.0,7
UA,130.0,2
UA,140.0,3
UA,150.0,3
UA,170.0,3
UA,180.0,1
UA,190.0,1
UA,200.0,1
UA,220.0,1
UA,230.0,2
UA,250.0,1
UA,260.0,1
UA,280.0,1
UA,300.0,1
UG,0.0,4712
UG,10.0,106
UG,20.0,27
UG,30.0,9
UG,40.0,13
UG,50.0,3
UG,60.0,2
US,0.0,7379649
US,10.0,2009770
US,20.0,516124
US,30.0,159476
US,40.0,135642
US,50.0,74485
US,60.0,77593
US,70.0,56554
US,80.0,13017
US,90.0,11367
US,100.0,9958
US,110.0,10380
US,120.0,12334
US,130.0,14778
US,140.0,7081
US,150.0,3710
US,160.0,2807
US,170.0,2819
US,180.0,2793
US,190.0,2188
US,200.0,3307
US,210.0,1806
US,220.0,1728
US,230.0,1643
US,240.0,1545
US,250.0,1341
US,260.0,1524
US,270.0,1534
US,280.0,1687
US,290.0,1676
US,300.0,1341
US,310.0,1063
US,320.0,905
US,330.0,802
US,340.0,684
US,350.0,730
US,360.0,699
US,370.0,637
US,380.0,626
US,390.0,705
US,400.0,740
US,410.0,899
US,420.0,832
US,430.0,761
US,440.0,831
US,450.0,704
US,460.0,654
US,470.0,673
US,480.0,678
US,490.0,599
US,500.0,614
US,510.0,601
US,520.0,578
US,530.0,656
US,540.0,704
US,550.0,761
US,560.0,739
US,570.0,707
US,580.0,654
US,590.0,556
US,600.0,488
US,610.0,397
US,620.0,266
US,630.0,206
US,640.0,197
US,650.0,267
US,660.0,357
US,670.0,457
US,680.0,391
US,690.0,471
US,700.0,595
US,710.0,747
US,720.0,896
US,730.0,810
US,740.0,670
US,750.0,354
US,760.0,125
US,770.0,25
US,780.0,2
US,790.0,2
US,800.0,1
UY,0.0,17104
UY,10.0,294
UY,20.0,2
UY,30.0,1
UZ,0.0,79552
UZ,10.0,254
UZ,20.0,1
UZ,60.0,1
VA,0.0,46
VA,10.0,7
VA,30.0,1
VC,0.0,2398
VC,10.0,34
VE,0.0,76879
VE,10.0,137
VE,20.0,17
VE,30.0,2
VE,40.0,1
VG,0.0,789
VG,10.0,32
VG,20.0,4
VI,0.0,2521
VI,10.0,126
VI,20.0,25
VI,30.0,10
VI,40.0,9
VI,50.0,1
VI,70.0,3
VI,250.0,1
VN,0.0,112281
VN,10.0,29723
VN,20.0,1306
VN,30.0,231
VN,40.0,45
VN,50.0,12
VN,60.0,1
VN,70.0,1
VU,0.0,734
VU,10.0,4
WF,0.0,38
WS,0.0,45
YE,0.0,6187
YE,10.0,1
YT,0.0,838
ZA,0.0,250322
ZA,10.0,5166
ZA,20.0,1731
ZA,30.0,485
ZA,40.0,319
ZA,50.0,159
ZA,60.0,163
ZA,70.0,1704
ZA,80.0,41
ZA,90.0,3
ZA,100.0,4
ZA,110.0,7
ZA,120.0,6
ZA,140.0,7
ZA,150.0,2
ZA,160.0,4
ZA,170.0,4
ZA,180.0,1
ZA,190.0,2
ZA,200.0,3
ZA,210.0,1
ZA,240.0,1
ZA,250.0,1
ZA,280.0,1
ZA,310.0,1
ZA,350.0,1
ZA,370.0,1
ZA,460.0,1
ZA,470.0,1
ZA,590.0,1
ZA,600.0,1
ZA,670.0,2
ZA,730.0,1
ZM,0.0,6085
ZM,10.0,147
ZM,20.0,27
ZM,30.0,7
ZM,40.0,7
ZW,0.0,6711
ZW,10.0,303
ZW,20.0,45
ZW,30.0,22
ZW,40.0,3
ZW,50.0,6
ZW,60.0,9
ZW,70.0,9
